{
  "timestamp": "2025-11-26T14:35:52.824064+00:00",
  "markets": {
    "will-russia-capture-all-of-pokrovsk-by-november-30-216-555-463": {
      "volumeNum": 1059401.295612,
      "volume24hr": 47051.06365000001,
      "lastTradePrice": 0.18
    },
    "will-russia-capture-kostyantynivka-by-december-31-266-839-138": {
      "volumeNum": 980352.481797,
      "volume24hr": 6772.397091,
      "lastTradePrice": 0.39
    },
    "will-russia-capture-siversk-by-december-31-132-853": {
      "volumeNum": 707313.071538,
      "volume24hr": 6163.170317999999,
      "lastTradePrice": 0.69
    },
    "will-russia-capture-all-of-pokrovsk-by-december-31-696-746-327-188": {
      "volumeNum": 653932.152128,
      "volume24hr": 22617.053336000004,
      "lastTradePrice": 0.82
    },
    "will-russia-capture-lyman-in-2025-816": {
      "volumeNum": 505417.848211,
      "volume24hr": 6687.549395000001,
      "lastTradePrice": 0.39
    },
    "will-russia-capture-slovainsk-in-2025": {
      "volumeNum": 359630.722768,
      "volume24hr": 3640.322083,
      "lastTradePrice": 0.039
    },
    "will-russia-capture-siversk-by-november-30": {
      "volumeNum": 294627.152787,
      "volume24hr": 8573.031021,
      "lastTradePrice": 0.044
    },
    "will-russia-capture-all-of-kupiansk-by-december-31": {
      "volumeNum": 215599.812876,
      "volume24hr": 11820.343904,
      "lastTradePrice": 0.27
    },
    "will-russia-capture-kostyantynivka-by-november-30": {
      "volumeNum": 214959.546123,
      "volume24hr": 6908.445818,
      "lastTradePrice": 0.022
    },
    "will-russia-capture-rodynske-by-november-30": {
      "volumeNum": 212649.887441,
      "volume24hr": 2178.319766,
      "lastTradePrice": 0.34
    },
    "will-russia-recapture-territory-in-kucheriv-yar-by-november-30": {
      "volumeNum": 202872.021257,
      "volume24hr": 2213.393093,
      "lastTradePrice": 0.041
    },
    "will-russia-capture-all-of-kupiansk-by-november-30": {
      "volumeNum": 192790.080499,
      "volume24hr": 6176.677342,
      "lastTradePrice": 0.071
    },
    "will-russia-capture-huliaipole-by-december-31": {
      "volumeNum": 179622.224789,
      "volume24hr": 5818.484095,
      "lastTradePrice": 0.53
    },
    "will-russia-capture-all-of-myrnohrad-by-november-30": {
      "volumeNum": 174622.295546,
      "volume24hr": 9772.601663,
      "lastTradePrice": 0.04
    },
    "will-russia-recapture-territory-in-vilne-by-november-30": {
      "volumeNum": 138436.191405,
      "volume24hr": 4041.5463,
      "lastTradePrice": 0.048
    },
    "will-russia-enter-siversk-by-november-30": {
      "volumeNum": 131897.174162,
      "volume24hr": 11517.727979000001,
      "lastTradePrice": 0.983
    },
    "will-russia-capture-lyman-by-november-30-884": {
      "volumeNum": 124947.563985,
      "volume24hr": 648.623262,
      "lastTradePrice": 0.031
    },
    "will-russia-capture-all-of-vovchansk-by-december-31": {
      "volumeNum": 124503.692714,
      "volume24hr": 13058.798539000001,
      "lastTradePrice": 0.34
    },
    "will-russia-capture-all-of-myrnohrad-by-december-31": {
      "volumeNum": 121448.573254,
      "volume24hr": 15009.566306,
      "lastTradePrice": 0.74
    },
    "will-russia-enter-lyman-by-november-30": {
      "volumeNum": 110990.947561,
      "volume24hr": 3326.520866,
      "lastTradePrice": 0.209
    },
    "will-russia-enter-huliaipole-by-november-30": {
      "volumeNum": 102325.015308,
      "volume24hr": 5914.247308,
      "lastTradePrice": 0.32
    },
    "will-russia-capture-rodynske-by-december-31": {
      "volumeNum": 86761.967412,
      "volume24hr": 893.515678,
      "lastTradePrice": 0.77
    },
    "will-russia-capture-yampil-by-november-30": {
      "volumeNum": 84460.403808,
      "volume24hr": 3566.605707,
      "lastTradePrice": 0.57
    },
    "will-russia-capture-shakhove-by-november-30": {
      "volumeNum": 76331.062942,
      "volume24hr": 3222.1864889999997,
      "lastTradePrice": 0.33
    },
    "will-russia-capture-orikhiv-train-station-by-november-30": {
      "volumeNum": 56128.771389,
      "volume24hr": 45.675,
      "lastTradePrice": 0.009
    },
    "will-russia-capture-all-of-vovchansk-by-november-30": {
      "volumeNum": 48864.260026,
      "volume24hr": 367.882913,
      "lastTradePrice": 0.026
    },
    "will-russia-capture-dobropillia-by-november-30": {
      "volumeNum": 43730.665387,
      "volume24hr": 1113.506333,
      "lastTradePrice": 0.007
    },
    "will-russia-capture-kostyantynivka-by-march-31": {
      "volumeNum": 33169.341663,
      "volume24hr": 186.28409399999998,
      "lastTradePrice": 0.83
    },
    "will-russia-capture-sumy-by-december-31": {
      "volumeNum": 29484.786748,
      "volume24hr": 712.7400000000001,
      "lastTradePrice": 0.017
    },
    "will-russia-capture-velykomykhailivka-by-november-30": {
      "volumeNum": 25953.517274,
      "volume24hr": 964.5242169999999,
      "lastTradePrice": 0.082
    },
    "will-russia-capture-kupiansk-vuzlovyi-by-november-30": {
      "volumeNum": 22900.460052,
      "volume24hr": 2249.79,
      "lastTradePrice": 0.032
    },
    "will-russia-capture-drobysheve-by-november-30": {
      "volumeNum": 21138.506085,
      "volume24hr": 151.811133,
      "lastTradePrice": 0.005
    },
    "will-russia-capture-dovha-balka-by-november-30": {
      "volumeNum": 14115.129146,
      "volume24hr": 1357.43365,
      "lastTradePrice": 0.023
    },
    "will-russia-capture-kupiansk-vuzlovyi-by-december-31": {
      "volumeNum": 13330.069773,
      "volume24hr": 471.09492900000004,
      "lastTradePrice": 0.24
    },
    "will-ukraine-recapture-crimean-territory-by-june-30-2026": {
      "volumeNum": 6208.843199,
      "volume24hr": 26.67,
      "lastTradePrice": 0.07
    },
    "will-russia-enter-orikhiv-by-december-31": {
      "volumeNum": 3637.53857,
      "volume24hr": 955.743351,
      "lastTradePrice": 0.42
    },
    "will-russia-enter-pokrovskoe-by-december-31": {
      "volumeNum": 2556.114639,
      "volume24hr": 620.922753,
      "lastTradePrice": 0.48
    },
    "will-russia-capture-kostyantynivka-by-december-31-2026": {
      "volumeNum": 49.632111,
      "volume24hr": 7.526871,
      "lastTradePrice": 0.93
    }
  }
}