{
  "timestamp": "2026-02-17T08:01:43.575572+00:00",
  "markets": {
    "will-russia-capture-kostyantynivka-by-march-31-872-578": {
      "volumeNum": 634624.596996,
      "volume24hr": 9841.349255000001,
      "lastTradePrice": 0.29
    },
    "will-russia-capture-lyman-by-march-31-2026-494": {
      "volumeNum": 470413.67004,
      "volume24hr": 4486.835213,
      "lastTradePrice": 0.26
    },
    "will-russia-capture-all-of-pokrovsk-by-february-28": {
      "volumeNum": 427203.994842,
      "volume24hr": 16544.575242999996,
      "lastTradePrice": 0.21
    },
    "will-russia-capture-kostyantynivka-by-february-28": {
      "volumeNum": 422116.558755,
      "volume24hr": 2040.300267,
      "lastTradePrice": 0.06
    },
    "will-russia-capture-all-of-huliaipole-by-february-28": {
      "volumeNum": 286362.692855,
      "volume24hr": 10900.734085,
      "lastTradePrice": 0.21
    },
    "will-russia-capture-all-of-donetsk-oblast-by-march-31-2026": {
      "volumeNum": 227911.316189,
      "volume24hr": 140.58,
      "lastTradePrice": 0.003
    },
    "will-russia-capture-kostyantynivka-by-december-31-2026-936-942": {
      "volumeNum": 208945.552746,
      "volume24hr": 11703.813258,
      "lastTradePrice": 0.86
    },
    "will-russia-capture-all-of-stepnohirsk-by-february-28-2026": {
      "volumeNum": 196757.394424,
      "volume24hr": 6349.919395,
      "lastTradePrice": 0.1
    },
    "will-russia-capture-all-of-kupiansk-by-march-31": {
      "volumeNum": 189955.022997,
      "volume24hr": 34.835999,
      "lastTradePrice": 0.032
    },
    "will-russia-capture-all-of-pokrovsk-by-march-31": {
      "volumeNum": 168283.259794,
      "volume24hr": 20098.360708999993,
      "lastTradePrice": 0.68
    },
    "will-russia-capture-all-of-stepnohirsk-by-march-31-2026-627": {
      "volumeNum": 152442.679311,
      "volume24hr": 4965.241398,
      "lastTradePrice": 0.23
    },
    "will-russia-capture-sumy-by-march-31-2027": {
      "volumeNum": 131722.088678,
      "volume24hr": 153.160755,
      "lastTradePrice": 0.12
    },
    "will-russia-capture-all-of-prymorske-by-february-28-2026": {
      "volumeNum": 121547.502548,
      "volume24hr": 78.060274,
      "lastTradePrice": 0.033
    },
    "will-russia-enter-sloviansk-by-june-30": {
      "volumeNum": 108938.079609,
      "volume24hr": 133.356817,
      "lastTradePrice": 0.22
    },
    "will-russia-capture-all-of-vovchansk-by-march-31": {
      "volumeNum": 108182.517897,
      "volume24hr": 4274.886286000001,
      "lastTradePrice": 0.31
    },
    "will-russia-enter-bilytske-by-february-28": {
      "volumeNum": 96700.433542,
      "volume24hr": 2901.700174,
      "lastTradePrice": 0.21
    },
    "will-russia-enter-kramatorsk-by-june-30-821-192": {
      "volumeNum": 90710.618799,
      "volume24hr": 730.2526179999999,
      "lastTradePrice": 0.21
    },
    "will-russia-enter-dopropillia-by-june-30-122-495": {
      "volumeNum": 85183.755663,
      "volume24hr": 184.826778,
      "lastTradePrice": 0.59
    },
    "will-russia-enter-druzkhivka-by-june-30-933-897": {
      "volumeNum": 80253.8821,
      "volume24hr": 60.497141000000006,
      "lastTradePrice": 0.32
    },
    "will-russia-capture-all-of-prymorske-by-march-31-2026-597": {
      "volumeNum": 77059.093887,
      "volume24hr": 3355.3011870000005,
      "lastTradePrice": 0.12
    },
    "will-russia-capture-rodynske-by-february-28": {
      "volumeNum": 76414.120636,
      "volume24hr": 7257.008485999999,
      "lastTradePrice": 0.18
    },
    "will-russia-enter-orikhiv-by-march-31": {
      "volumeNum": 67345.628354,
      "volume24hr": 625.62,
      "lastTradePrice": 0.1
    },
    "will-russia-enter-sumy-by-june-30-893-434": {
      "volumeNum": 63194.10425,
      "volume24hr": 207.52688,
      "lastTradePrice": 0.08
    },
    "will-russia-enter-zaporizhia-by-june-30-845": {
      "volumeNum": 61540.25252,
      "volume24hr": 7975.935649999999,
      "lastTradePrice": 0.1
    },
    "will-russia-capture-all-of-rodynske-by-march-31": {
      "volumeNum": 60353.74672,
      "volume24hr": 10962.391058,
      "lastTradePrice": 0.42
    },
    "will-russia-capture-lyman-by-february-28-2026": {
      "volumeNum": 59379.701177,
      "volume24hr": 627.910998,
      "lastTradePrice": 0.04
    },
    "will-russia-enter-borova-by-march-31": {
      "volumeNum": 55301.651785,
      "volume24hr": 1.75,
      "lastTradePrice": 0.18
    },
    "will-russia-enter-khatnie-by-february-28-2026": {
      "volumeNum": 50258.786947,
      "volume24hr": 1896.89,
      "lastTradePrice": 0.05
    },
    "will-russia-enter-rizdvianka-by-february-28": {
      "volumeNum": 50126.152981,
      "volume24hr": 4927.812515,
      "lastTradePrice": 0.075
    },
    "will-russia-capture-all-of-ternuvate-by-february-28-2026": {
      "volumeNum": 42092.779131,
      "volume24hr": 1718.3273,
      "lastTradePrice": 0.018
    },
    "will-russia-capture-hryshyne-by-march-31-2026": {
      "volumeNum": 33222.528377,
      "volume24hr": 3297.0779570000004,
      "lastTradePrice": 0.33
    },
    "will-russia-capture-all-of-donetsk-oblast-by-june-30-2026": {
      "volumeNum": 31418.334612,
      "volume24hr": 0,
      "lastTradePrice": 0.04
    },
    "will-russia-enter-verkhnia-tersa-by-february-28": {
      "volumeNum": 30705.968027,
      "volume24hr": 691.3837349999999,
      "lastTradePrice": 0.09
    },
    "will-russia-capture-all-of-rodynske-by-february-28": {
      "volumeNum": 30290.554972,
      "volume24hr": 4841.352664,
      "lastTradePrice": 0.1
    },
    "will-russia-enter-rai-oleksandrivka-by-february-28-2026": {
      "volumeNum": 29272.617924,
      "volume24hr": 1599.1407590000001,
      "lastTradePrice": 0.019
    },
    "will-ukraine-recapture-crimean-territory-by-june-30-2026": {
      "volumeNum": 28203.082542,
      "volume24hr": 88.910308,
      "lastTradePrice": 0.039
    },
    "will-russia-enter-kherson-by-june-30-645": {
      "volumeNum": 26047.831093,
      "volume24hr": 0,
      "lastTradePrice": 0.05
    },
    "will-russia-capture-bilytske-by-february-28-2026": {
      "volumeNum": 23781.441894,
      "volume24hr": 0,
      "lastTradePrice": 0.023
    },
    "will-russia-enter-kharkiv-by-june-30-967": {
      "volumeNum": 23254.840725,
      "volume24hr": 105.989268,
      "lastTradePrice": 0.068
    },
    "will-russia-capture-sofiivka-by-march-31": {
      "volumeNum": 22821.160621,
      "volume24hr": 2160.783544,
      "lastTradePrice": 0.36
    },
    "will-russia-capture-hryshyne-by-february-28-2026": {
      "volumeNum": 21478.991545,
      "volume24hr": 1812.35,
      "lastTradePrice": 0.07
    },
    "will-russia-capture-kupiansk-vuzlovyi-by-march-31": {
      "volumeNum": 20014.517003,
      "volume24hr": 199.44,
      "lastTradePrice": 0.067
    },
    "will-russia-capture-sofiivka-by-february-28": {
      "volumeNum": 19932.642722,
      "volume24hr": 1436.9755530000002,
      "lastTradePrice": 0.08
    },
    "will-russia-enter-khatnie-by-march-31-2026": {
      "volumeNum": 18662.729946,
      "volume24hr": 537.175615,
      "lastTradePrice": 0.15
    },
    "will-russia-capture-kupiansk-vuzlovyi-by-february-28": {
      "volumeNum": 18594.140904,
      "volume24hr": 565.3109,
      "lastTradePrice": 0.012
    },
    "will-russia-enter-pokrovskoe-by-february-28-2026": {
      "volumeNum": 17166.879357,
      "volume24hr": 28.10725,
      "lastTradePrice": 0.014
    },
    "will-russia-capture-bilytske-by-march-31-2026": {
      "volumeNum": 16990.295127,
      "volume24hr": 338,
      "lastTradePrice": 0.17
    },
    "will-russia-capture-drobysheve-by-february-28": {
      "volumeNum": 15702.434234,
      "volume24hr": 760.1799999999998,
      "lastTradePrice": 0.13
    },
    "will-russia-enter-vozdvyzhivka-by-february-28": {
      "volumeNum": 15258.603564,
      "volume24hr": 200,
      "lastTradePrice": 0.023
    },
    "will-russia-capture-pokrovka-by": {
      "volumeNum": 14761.329346,